pirates-of-the-caribbean-the-curse-of-the-black-pearl,0.45142
goosebumps,0.266913
the-holiday,0.0991032
king-kong,0.0991032
kung-fu-panda-2,0.0991032
kung-fu-panda,0.0991032
kung-fu-panda-3,0.0991032
nacho-libre,0.0991032
orange-county,0.0991032
tropic-thunder,0.0991032
envy,0.0991032
the-school-of-rock,0.0991032
shallow-hal,0.0991032
tenacious-d-in-the-pick-of-destiny,0.0991032
bernie,0.0991032
pirates-of-the-caribbean-dead-mans-chest,0.0985009
pirates-of-the-caribbean-at-worlds-end,0.0985009
ingrid-goes-west,0.0973585
pirates-of-the-caribbean-dead-men-tell-no-tales,0.0852973
