harry-potter-and-the-sorcerers-stone,0.44881508
harry-potter-and-the-order-of-the-phoenix,0.09910322
harry-potter-and-the-chamber-of-secrets,0.09910322
harry-potter-and-the-prisoner-of-azkaban,0.09910322
harry-potter-and-the-half-blood-prince,0.09910322
harry-potter-and-the-goblet-of-fire,0.09910322
boys-life-4-four-play,1e-20
say-uncle,1e-20
merci-pour-le-chocolat,1e-20
bratz,1e-20
braveheart,1e-20
the-brave-one,1e-20
the-details,1e-20
brazil,1e-20
the-brand-new-testament,1e-20
benjamin-smoke,1e-20
grease,1e-20
the-girl-from-monaco,1e-20
girl-on-a-bicycle,1e-20
the-girl-on-the-train,1e-20
girl-rising,1e-20
a-girl-walks-home-alone-at-night,1e-20
the-girl-with-the-dragon-tattoo,1e-20
the-giver,1e-20
gladiator,1e-20
married-to-the-mob,1e-20
cropsey,1e-20
the-cult-of-the-suicide-bomber,1e-20
the-big-bounce,1e-20
cat-people,1e-20
boyz-n-the-hood,1e-20
confessions-of-a-teenage-drama-queen,1e-20
derrida,1e-20
circle-of-friends,1e-20
anchorman-2-the-legend-continues,1e-20
dont-blink---robert-frank,1e-20
dracula-pages-from-a-virgins-diary,1e-20
dynamite-warrior,1e-20
emmanuels-gift,1e-20
ethan-mao,1e-20
examined-life,1e-20
and-now-ladies-and-gentlemen,1e-20
fidel,1e-20
anomalisa,1e-20
a-people-uncounted,1e-20
friday-night,1e-20
a-place-at-the-table,1e-20
george-of-the-jungle,1e-20
gasoline,1e-20
dead-or-alive-final,1e-20
