radio,0.09148999
freaky-friday-1977,0.008163527
31,1e-20
the-33,1e-20
42,1e-20
54,1e-20
300,1e-20
after-earth,1e-20
1408,1e-20
1492-conquest-of-paradise,1e-20
tomorrowland,1e-20
2001-a-space-odyssey,1e-20
2012,1e-20
2046,1e-20
17-again,1e-20
top-gun,1e-20
about-a-boy,1e-20
top-five,1e-20
the-hundred-foot-journey,1e-20
101-dalmatians,1e-20
102-dalmatians,1e-20
800-bullets,1e-20
10-things-i-hate-about-you,1e-20
the-11th-hour,1e-20
13-going-on-30,1e-20
13-hours-the-secret-soldiers-of-benghazi,1e-20
13-minutes,1e-20
the-13th-warrior,1e-20
13-tzameti,1e-20
16-blocks,1e-20
10000-bc,1e-20
71,1e-20
200-cigarettes,1e-20
20-feet-from-stardom,1e-20
20th-century-women,1e-20
21-and-over,1e-20
21-jump-street,1e-20
22-jump-street,1e-20
23-blast,1e-20
24-hour-party-people,1e-20
27-dresses,1e-20
28-days-later,1e-20
28-weeks-later,1e-20
2-days-in-new-york,1e-20
2-days-in-paris,1e-20
2-fast-2-furious,1e-20
2-guns,1e-20
3000-miles-to-graceland,1e-20
300-rise-of-an-empire,1e-20
9-to-5,1e-20
